{
    "category": "Notifications",
    "changelog": "### Bug Fixes ###\n- Fix registering helpers during plugin initialization (#230) @crobibero",
    "description": "Sends notifications to destinations via webhooks.\n",
    "guid": "71552a5a-5c5c-4350-a2ae-ebe451a30173",
    "imageUrl": "https://repo.jellyfin.org/releases/plugin/images/jellyfin-plugin-webhook.png",
    "name": "Webhook",
    "overview": "Sends notifications.",
    "owner": "jellyfin",
    "targetAbi": "10.9.1.0",
    "timestamp": "2024-05-13T23:39:55Z",
    "version": "13.0.0.0"
}